site,huc_8_watershed,huc_10_watershed,huc_12_watershed
Big Wheeling Creek,Upper Ohio-Wheeling,Wheeling Creek,Upper Wheeling Creek
Big Wheeling Creek 2,Upper Ohio-Wheeling,Wheeling Creek,Long Run-Wheeling Creek
Brush Run,Upper Ohio-Wheeling,Buffalo Creek,Brush Run
Buffalo Creek,Upper Ohio-Wheeling,Buffalo Creek,Headwaters Buffalo Creek
Buffalo Creek 2,Upper Ohio-Wheeling,Buffalo Creek,Sugarcamp Run-Buffalo Creek
Cross Creek,Upper Ohio,Cross Creek,South Fork Cross Creek-Cross Creek
Dutch Fork,Upper Ohio-Wheeling,Buffalo Creek,Dutch Fork
Dutch Fork 2,Upper Ohio-Wheeling,Buffalo Creek,Dutch Fork
Kent Run,Upper Ohio-Wheeling,Dunkard Fork,North Fork Dunkard Fork
Kings Creek,Upper Ohio  ,Kings Creek-Ohio River,Kings Creek
Little Wheeling Creek,Upper Ohio-Wheeling,Wheeling Creek,Little Wheeling Creek
N Fork Dunkard Fork,Upper Ohio-Wheeling,Dunkard Fork,North Fork Dunkard Fork
N Fork Dunkard Fork 2,Upper Ohio-Wheeling,Dunkard Fork,North Fork Dunkard Fork
N Fork Dunkard Fork 3,Upper Ohio-Wheeling,Dunkard Fork,North Fork Dunkard Fork
N Fork Kings Creek,Upper Ohio,Kings Creek-Ohio River,Kings Creek
N Fork Short Creek,Upper Ohio-Wheeling,Short Creek-Ohio River,Short Creek
Polen Run,Upper Ohio-Wheeling,Dunkard Fork,North Fork Dunkard Fork
Short Creek,Upper Ohio-Wheeling,Short Creek-Ohio River,Short Creek
Short Creek 2,Upper Ohio-Wheeling,Short Creek-Ohio River,Short Creek
UNT to Dutch Fork,Upper Ohio-Wheeling,Buffalo Creek,Dutch Fork
,,,
,,,
,,,
,,,
,,,
,,,
,,,
,,,
,,,
,,,
,,,
,,,
,,,
,,,
,,,
,,,
,,,
,,,
,,,
,,,
,,,
